,X,Y
0,0.0,1
1,1.0,1
2,2.0,1
3,3.0,1
4,4.0,1
5,5.0,1
6,6.0,1
7,7.0,1
8,8.0,1
9,9.0,1
10,10.0,1
11,11.0,1
12,12.0,1
13,13.0,1
14,14.0,1
15,15.0,1
16,16.0,1
17,17.0,1
18,18.0,1
19,19.0,1
20,20.0,1
21,21.0,1
22,22.0,1
23,23.0,1
24,24.0,1
25,25.0,1
26,26.0,1
27,27.0,1
28,28.0,1
29,29.0,1
30,30.0,1
31,31.0,1
32,32.0,1
33,33.0,1
34,34.0,1
35,35.0,1
36,36.0,1
37,37.0,1
38,38.0,1
39,39.0,1
40,40.0,1
41,41.0,1
42,42.0,1
43,43.0,1
44,44.0,1
45,45.0,1
46,46.0,1
47,47.0,1
48,48.0,1
49,49.0,1
50,50.0,0
51,51.0,0
52,52.0,0
53,53.0,0
54,54.0,0
55,55.0,0
56,56.0,0
57,57.0,0
58,58.0,0
59,59.0,0
60,60.0,0
61,61.0,0
62,62.0,0
63,63.0,0
64,64.0,0
65,65.0,0
66,66.0,0
67,67.0,0
68,68.0,0
69,69.0,0
70,70.0,0
71,71.0,0
72,72.0,0
73,73.0,0
74,74.0,0
75,75.0,0
76,76.0,0
77,77.0,0
78,78.0,0
79,79.0,0
80,80.0,0
81,81.0,0
82,82.0,0
83,83.0,0
84,84.0,0
85,85.0,0
86,86.0,0
87,87.0,0
88,88.0,0
89,89.0,0
90,90.0,0
91,91.0,0
92,92.0,0
93,93.0,0
94,94.0,0
95,95.0,0
96,96.0,0
97,97.0,0
98,98.0,0
99,99.0,0
100,100.0,0
101,101.0,0
102,102.0,0
103,103.0,0
104,104.0,0
105,105.0,0
106,106.0,0
107,107.0,0
108,108.0,0
109,109.0,0
110,110.0,0
111,111.0,0
112,112.0,0
113,113.0,0
114,114.0,0
115,115.0,0
116,116.0,0
117,117.0,0
118,118.0,0
119,119.0,0
120,120.0,0
121,121.0,0
122,122.0,0
123,123.0,0
124,124.0,0
125,125.0,0
126,126.0,0
127,127.0,0
128,128.0,0
129,129.0,0
130,130.0,0
131,131.0,0
132,132.0,0
133,133.0,0
134,134.0,0
135,135.0,0
136,136.0,0
137,137.0,0
138,138.0,0
139,139.0,0
140,140.0,0
141,141.0,0
142,142.0,0
143,143.0,0
144,144.0,0
145,145.0,0
146,146.0,0
147,147.0,0
148,148.0,0
149,149.0,0
150,150.0,1
151,151.0,1
152,152.0,1
153,153.0,1
154,154.0,1
155,155.0,1
156,156.0,1
157,157.0,1
158,158.0,1
159,159.0,1
160,160.0,1
161,161.0,1
162,162.0,1
163,163.0,1
164,164.0,1
165,165.0,1
166,166.0,1
167,167.0,1
168,168.0,1
169,169.0,1
170,170.0,1
171,171.0,1
172,172.0,1
173,173.0,1
174,174.0,1
175,175.0,1
176,176.0,1
177,177.0,1
178,178.0,1
179,179.0,1
180,180.0,1
181,181.0,1
182,182.0,1
183,183.0,1
184,184.0,1
185,185.0,1
186,186.0,1
187,187.0,1
188,188.0,1
189,189.0,1
190,190.0,1
191,191.0,1
192,192.0,1
193,193.0,1
194,194.0,1
195,195.0,1
196,196.0,1
197,197.0,1
198,198.0,1
199,199.0,1
200,200.0,1
201,201.0,1
202,202.0,1
203,203.0,1
204,204.0,1
205,205.0,1
206,206.0,1
207,207.0,1
208,208.0,1
209,209.0,1
210,210.0,1
211,211.0,1
212,212.0,1
213,213.0,1
214,214.0,1
215,215.0,1
216,216.0,1
217,217.0,1
218,218.0,1
219,219.0,1
220,220.0,1
221,221.0,1
222,222.0,1
223,223.0,1
224,224.0,1
225,225.0,1
226,226.0,1
227,227.0,1
228,228.0,1
229,229.0,1
230,230.0,1
231,231.0,1
232,232.0,1
233,233.0,1
234,234.0,1
235,235.0,1
236,236.0,1
237,237.0,1
238,238.0,1
239,239.0,1
240,240.0,1
241,241.0,1
242,242.0,1
243,243.0,1
244,244.0,1
245,245.0,1
246,246.0,1
247,247.0,1
248,248.0,1
249,249.0,1
250,250.0,0
251,251.0,0
252,252.0,0
253,253.0,0
254,254.0,0
255,255.0,0
256,256.0,0
257,257.0,0
258,258.0,0
259,259.0,0
260,260.0,0
261,261.0,0
262,262.0,0
263,263.0,0
264,264.0,0
265,265.0,0
266,266.0,0
267,267.0,0
268,268.0,0
269,269.0,0
270,270.0,0
271,271.0,0
272,272.0,0
273,273.0,0
274,274.0,0
275,275.0,0
276,276.0,0
277,277.0,0
278,278.0,0
279,279.0,0
280,280.0,0
281,281.0,0
282,282.0,0
283,283.0,0
284,284.0,0
285,285.0,0
286,286.0,0
287,287.0,0
288,288.0,0
289,289.0,0
290,290.0,0
291,291.0,0
292,292.0,0
293,293.0,0
294,294.0,0
295,295.0,0
296,296.0,0
297,297.0,0
298,298.0,0
299,299.0,0
300,300.0,0
301,301.0,0
302,302.0,0
303,303.0,0
304,304.0,0
305,305.0,0
306,306.0,0
307,307.0,0
308,308.0,0
309,309.0,0
310,310.0,0
311,311.0,0
312,312.0,0
313,313.0,0
314,314.0,0
315,315.0,0
316,316.0,0
317,317.0,0
318,318.0,0
319,319.0,0
320,320.0,0
321,321.0,0
322,322.0,0
323,323.0,0
324,324.0,0
325,325.0,0
326,326.0,0
327,327.0,0
328,328.0,0
329,329.0,0
330,330.0,0
331,331.0,0
332,332.0,0
333,333.0,0
334,334.0,0
335,335.0,0
336,336.0,0
337,337.0,0
338,338.0,0
339,339.0,0
340,340.0,0
341,341.0,0
342,342.0,0
343,343.0,0
344,344.0,0
345,345.0,0
346,346.0,0
347,347.0,0
348,348.0,0
349,349.0,0
350,350.0,1
351,351.0,1
352,352.0,1
353,353.0,1
354,354.0,1
355,355.0,1
356,356.0,1
357,357.0,1
358,358.0,1
359,359.0,1
360,360.0,1
361,361.0,1
362,362.0,1
363,363.0,1
364,364.0,1
365,365.0,1
366,366.0,1
367,367.0,1
368,368.0,1
369,369.0,1
370,370.0,1
371,371.0,1
372,372.0,1
373,373.0,1
374,374.0,1
375,375.0,1
376,376.0,1
377,377.0,1
378,378.0,1
379,379.0,1
380,380.0,1
381,381.0,1
382,382.0,1
383,383.0,1
384,384.0,1
385,385.0,1
386,386.0,1
387,387.0,1
388,388.0,1
389,389.0,1
390,390.0,1
391,391.0,1
392,392.0,1
393,393.0,1
394,394.0,1
395,395.0,1
396,396.0,1
397,397.0,1
398,398.0,1
399,399.0,1
400,400.0,1
401,401.0,1
402,402.0,1
403,403.0,1
404,404.0,1
405,405.0,1
406,406.0,1
407,407.0,1
408,408.0,1
409,409.0,1
410,410.0,1
411,411.0,1
412,412.0,1
413,413.0,1
414,414.0,1
415,415.0,1
416,416.0,1
417,417.0,1
418,418.0,1
419,419.0,1
420,420.0,1
421,421.0,1
422,422.0,1
423,423.0,1
424,424.0,1
425,425.0,1
426,426.0,1
427,427.0,1
428,428.0,1
429,429.0,1
430,430.0,1
431,431.0,1
432,432.0,1
433,433.0,1
434,434.0,1
435,435.0,1
436,436.0,1
437,437.0,1
438,438.0,1
439,439.0,1
440,440.0,1
441,441.0,1
442,442.0,1
443,443.0,1
444,444.0,1
445,445.0,1
446,446.0,1
447,447.0,1
448,448.0,1
449,449.0,1
450,450.0,0
451,451.0,0
452,452.0,0
453,453.0,0
454,454.0,0
455,455.0,0
456,456.0,0
457,457.0,0
458,458.0,0
459,459.0,0
460,460.0,0
461,461.0,0
462,462.0,0
463,463.0,0
464,464.0,0
465,465.0,0
466,466.0,0
467,467.0,0
468,468.0,0
469,469.0,0
470,470.0,0
471,471.0,0
472,472.0,0
473,473.0,0
474,474.0,0
475,475.0,0
476,476.0,0
477,477.0,0
478,478.0,0
479,479.0,0
480,480.0,0
481,481.0,0
482,482.0,0
483,483.0,0
484,484.0,0
485,485.0,0
486,486.0,0
487,487.0,0
488,488.0,0
489,489.0,0
490,490.0,0
491,491.0,0
492,492.0,0
493,493.0,0
494,494.0,0
495,495.0,0
496,496.0,0
497,497.0,0
498,498.0,0
499,499.0,0
500,500.0,0
501,501.0,0
502,502.0,0
503,503.0,0
504,504.0,0
505,505.0,0
506,506.0,0
507,507.0,0
508,508.0,0
509,509.0,0
510,510.0,0
511,511.0,0
512,512.0,0
513,513.0,0
514,514.0,0
515,515.0,0
516,516.0,0
517,517.0,0
518,518.0,0
519,519.0,0
520,520.0,0
521,521.0,0
522,522.0,0
523,523.0,0
524,524.0,0
525,525.0,0
526,526.0,0
527,527.0,0
528,528.0,0
529,529.0,0
530,530.0,0
531,531.0,0
532,532.0,0
533,533.0,0
534,534.0,0
535,535.0,0
536,536.0,0
537,537.0,0
538,538.0,0
539,539.0,0
540,540.0,0
541,541.0,0
542,542.0,0
543,543.0,0
544,544.0,0
545,545.0,0
546,546.0,0
547,547.0,0
548,548.0,0
549,549.0,0
550,550.0,1
551,551.0,1
552,552.0,1
553,553.0,1
554,554.0,1
555,555.0,1
556,556.0,1
557,557.0,1
558,558.0,1
559,559.0,1
560,560.0,1
561,561.0,1
562,562.0,1
563,563.0,1
564,564.0,1
565,565.0,1
566,566.0,1
567,567.0,1
568,568.0,1
569,569.0,1
570,570.0,1
571,571.0,1
572,572.0,1
573,573.0,1
574,574.0,1
575,575.0,1
576,576.0,1
577,577.0,1
578,578.0,1
579,579.0,1
580,580.0,1
581,581.0,1
582,582.0,1
583,583.0,1
584,584.0,1
585,585.0,1
586,586.0,1
587,587.0,1
588,588.0,1
589,589.0,1
590,590.0,1
591,591.0,1
592,592.0,1
593,593.0,1
594,594.0,1
595,595.0,1
596,596.0,1
597,597.0,1
598,598.0,1
599,599.0,1
600,600.0,1
601,601.0,1
602,602.0,1
603,603.0,1
604,604.0,1
605,605.0,1
606,606.0,1
607,607.0,1
608,608.0,1
609,609.0,1
610,610.0,1
611,611.0,1
612,612.0,1
613,613.0,1
614,614.0,1
615,615.0,1
616,616.0,1
617,617.0,1
618,618.0,1
619,619.0,1
620,620.0,1
621,621.0,1
622,622.0,1
623,623.0,1
624,624.0,1
625,625.0,1
626,626.0,1
627,627.0,1
628,628.0,1
629,629.0,1
630,630.0,1
631,631.0,1
632,632.0,1
633,633.0,1
634,634.0,1
635,635.0,1
636,636.0,1
637,637.0,1
638,638.0,1
639,639.0,1
640,640.0,1
641,641.0,1
642,642.0,1
643,643.0,1
644,644.0,1
645,645.0,1
646,646.0,1
647,647.0,1
648,648.0,1
649,649.0,1
650,650.0,0
651,651.0,0
652,652.0,0
653,653.0,0
654,654.0,0
655,655.0,0
656,656.0,0
657,657.0,0
658,658.0,0
659,659.0,0
660,660.0,0
661,661.0,0
662,662.0,0
663,663.0,0
664,664.0,0
665,665.0,0
666,666.0,0
667,667.0,0
668,668.0,0
669,669.0,0
670,670.0,0
671,671.0,0
672,672.0,0
673,673.0,0
674,674.0,0
675,675.0,0
676,676.0,0
677,677.0,0
678,678.0,0
679,679.0,0
680,680.0,0
681,681.0,0
682,682.0,0
683,683.0,0
684,684.0,0
685,685.0,0
686,686.0,0
687,687.0,0
688,688.0,0
689,689.0,0
690,690.0,0
691,691.0,0
692,692.0,0
693,693.0,0
694,694.0,0
695,695.0,0
696,696.0,0
697,697.0,0
698,698.0,0
699,699.0,0
700,700.0,0
701,701.0,0
702,702.0,0
703,703.0,0
704,704.0,0
705,705.0,0
706,706.0,0
707,707.0,0
708,708.0,0
709,709.0,0
710,710.0,0
711,711.0,0
712,712.0,0
713,713.0,0
714,714.0,0
715,715.0,0
716,716.0,0
717,717.0,0
718,718.0,0
719,719.0,0
720,720.0,0
721,721.0,0
722,722.0,0
723,723.0,0
724,724.0,0
725,725.0,0
726,726.0,0
727,727.0,0
728,728.0,0
729,729.0,0
730,730.0,0
731,731.0,0
732,732.0,0
733,733.0,0
734,734.0,0
735,735.0,0
736,736.0,0
737,737.0,0
738,738.0,0
739,739.0,0
740,740.0,0
741,741.0,0
742,742.0,0
743,743.0,0
744,744.0,0
745,745.0,0
746,746.0,0
747,747.0,0
748,748.0,0
749,749.0,0
750,750.0,1
751,751.0,1
752,752.0,1
753,753.0,1
754,754.0,1
755,755.0,1
756,756.0,1
757,757.0,1
758,758.0,1
759,759.0,1
760,760.0,1
761,761.0,1
762,762.0,1
763,763.0,1
764,764.0,1
765,765.0,1
766,766.0,1
767,767.0,1
768,768.0,1
769,769.0,1
770,770.0,1
771,771.0,1
772,772.0,1
773,773.0,1
774,774.0,1
775,775.0,1
776,776.0,1
777,777.0,1
778,778.0,1
779,779.0,1
780,780.0,1
781,781.0,1
782,782.0,1
783,783.0,1
784,784.0,1
785,785.0,1
786,786.0,1
787,787.0,1
788,788.0,1
789,789.0,1
790,790.0,1
791,791.0,1
792,792.0,1
793,793.0,1
794,794.0,1
795,795.0,1
796,796.0,1
797,797.0,1
798,798.0,1
799,799.0,1
800,800.0,1
801,801.0,1
802,802.0,1
803,803.0,1
804,804.0,1
805,805.0,1
806,806.0,1
807,807.0,1
808,808.0,1
809,809.0,1
810,810.0,1
811,811.0,1
812,812.0,1
813,813.0,1
814,814.0,1
815,815.0,1
816,816.0,1
817,817.0,1
818,818.0,1
819,819.0,1
820,820.0,1
821,821.0,1
822,822.0,1
823,823.0,1
824,824.0,1
825,825.0,1
826,826.0,1
827,827.0,1
828,828.0,1
829,829.0,1
830,830.0,1
831,831.0,1
832,832.0,1
833,833.0,1
834,834.0,1
835,835.0,1
836,836.0,1
837,837.0,1
838,838.0,1
839,839.0,1
840,840.0,1
841,841.0,1
842,842.0,1
843,843.0,1
844,844.0,1
845,845.0,1
846,846.0,1
847,847.0,1
848,848.0,1
849,849.0,1
850,850.0,0
851,851.0,0
852,852.0,0
853,853.0,0
854,854.0,0
855,855.0,0
856,856.0,0
857,857.0,0
858,858.0,0
859,859.0,0
860,860.0,0
861,861.0,0
862,862.0,0
863,863.0,0
864,864.0,0
865,865.0,0
866,866.0,0
867,867.0,0
868,868.0,0
869,869.0,0
870,870.0,0
871,871.0,0
872,872.0,0
873,873.0,0
874,874.0,0
875,875.0,0
876,876.0,0
877,877.0,0
878,878.0,0
879,879.0,0
880,880.0,0
881,881.0,0
882,882.0,0
883,883.0,0
884,884.0,0
885,885.0,0
886,886.0,0
887,887.0,0
888,888.0,0
889,889.0,0
890,890.0,0
891,891.0,0
892,892.0,0
893,893.0,0
894,894.0,0
895,895.0,0
896,896.0,0
897,897.0,0
898,898.0,0
899,899.0,0
900,900.0,0
901,901.0,0
902,902.0,0
903,903.0,0
904,904.0,0
905,905.0,0
906,906.0,0
907,907.0,0
908,908.0,0
909,909.0,0
910,910.0,0
911,911.0,0
912,912.0,0
913,913.0,0
914,914.0,0
915,915.0,0
916,916.0,0
917,917.0,0
918,918.0,0
919,919.0,0
920,920.0,0
921,921.0,0
922,922.0,0
923,923.0,0
924,924.0,0
925,925.0,0
926,926.0,0
927,927.0,0
928,928.0,0
929,929.0,0
930,930.0,0
931,931.0,0
932,932.0,0
933,933.0,0
934,934.0,0
935,935.0,0
936,936.0,0
937,937.0,0
938,938.0,0
939,939.0,0
940,940.0,0
941,941.0,0
942,942.0,0
943,943.0,0
944,944.0,0
945,945.0,0
946,946.0,0
947,947.0,0
948,948.0,0
949,949.0,0
950,950.0,1
951,951.0,1
952,952.0,1
953,953.0,1
954,954.0,1
955,955.0,1
956,956.0,1
957,957.0,1
958,958.0,1
959,959.0,1
960,960.0,1
961,961.0,1
962,962.0,1
963,963.0,1
964,964.0,1
965,965.0,1
966,966.0,1
967,967.0,1
968,968.0,1
969,969.0,1
970,970.0,1
971,971.0,1
972,972.0,1
973,973.0,1
974,974.0,1
975,975.0,1
976,976.0,1
977,977.0,1
978,978.0,1
979,979.0,1
980,980.0,1
981,981.0,1
982,982.0,1
983,983.0,1
984,984.0,1
985,985.0,1
986,986.0,1
987,987.0,1
988,988.0,1
989,989.0,1
990,990.0,1
991,991.0,1
992,992.0,1
993,993.0,1
994,994.0,1
995,995.0,1
996,996.0,1
997,997.0,1
998,998.0,1
999,999.0,1
1000,1000.0,1
1001,1001.0,1
1002,1002.0,1
1003,1003.0,1
1004,1004.0,1
1005,1005.0,1
1006,1006.0,1
1007,1007.0,1
1008,1008.0,1
1009,1009.0,1
1010,1010.0,1
1011,1011.0,1
1012,1012.0,1
1013,1013.0,1
1014,1014.0,1
1015,1015.0,1
1016,1016.0,1
1017,1017.0,1
1018,1018.0,1
1019,1019.0,1
1020,1020.0,1
1021,1021.0,1
1022,1022.0,1
1023,1023.0,1
1024,1024.0,1
1025,1025.0,1
1026,1026.0,1
1027,1027.0,1
1028,1028.0,1
1029,1029.0,1
1030,1030.0,1
1031,1031.0,1
1032,1032.0,1
1033,1033.0,1
1034,1034.0,1
1035,1035.0,1
1036,1036.0,1
1037,1037.0,1
1038,1038.0,1
1039,1039.0,1
1040,1040.0,1
1041,1041.0,1
1042,1042.0,1
1043,1043.0,1
1044,1044.0,1
1045,1045.0,1
1046,1046.0,1
1047,1047.0,1
1048,1048.0,1
1049,1049.0,1
1050,1050.0,0
1051,1051.0,0
1052,1052.0,0
1053,1053.0,0
1054,1054.0,0
1055,1055.0,0
1056,1056.0,0
1057,1057.0,0
1058,1058.0,0
1059,1059.0,0
1060,1060.0,0
1061,1061.0,0
1062,1062.0,0
1063,1063.0,0
1064,1064.0,0
1065,1065.0,0
1066,1066.0,0
1067,1067.0,0
1068,1068.0,0
1069,1069.0,0
1070,1070.0,0
1071,1071.0,0
1072,1072.0,0
1073,1073.0,0
1074,1074.0,0
1075,1075.0,0
1076,1076.0,0
1077,1077.0,0
1078,1078.0,0
1079,1079.0,0
1080,1080.0,0
1081,1081.0,0
1082,1082.0,0
1083,1083.0,0
1084,1084.0,0
1085,1085.0,0
1086,1086.0,0
1087,1087.0,0
1088,1088.0,0
1089,1089.0,0
1090,1090.0,0
1091,1091.0,0
1092,1092.0,0
1093,1093.0,0
1094,1094.0,0
1095,1095.0,0
1096,1096.0,0
1097,1097.0,0
1098,1098.0,0
1099,1099.0,0
1100,1100.0,0
1101,1101.0,0
1102,1102.0,0
1103,1103.0,0
1104,1104.0,0
1105,1105.0,0
1106,1106.0,0
1107,1107.0,0
1108,1108.0,0
1109,1109.0,0
1110,1110.0,0
1111,1111.0,0
1112,1112.0,0
1113,1113.0,0
1114,1114.0,0
1115,1115.0,0
1116,1116.0,0
1117,1117.0,0
1118,1118.0,0
1119,1119.0,0
1120,1120.0,0
1121,1121.0,0
1122,1122.0,0
1123,1123.0,0
1124,1124.0,0
1125,1125.0,0
1126,1126.0,0
1127,1127.0,0
1128,1128.0,0
1129,1129.0,0
1130,1130.0,0
1131,1131.0,0
1132,1132.0,0
1133,1133.0,0
1134,1134.0,0
1135,1135.0,0
1136,1136.0,0
1137,1137.0,0
1138,1138.0,0
1139,1139.0,0
1140,1140.0,0
1141,1141.0,0
1142,1142.0,0
1143,1143.0,0
1144,1144.0,0
1145,1145.0,0
1146,1146.0,0
1147,1147.0,0
1148,1148.0,0
1149,1149.0,0
1150,1150.0,1
1151,1151.0,1
1152,1152.0,1
1153,1153.0,1
1154,1154.0,1
1155,1155.0,1
1156,1156.0,1
1157,1157.0,1
1158,1158.0,1
1159,1159.0,1
1160,1160.0,1
1161,1161.0,1
1162,1162.0,1
1163,1163.0,1
1164,1164.0,1
1165,1165.0,1
1166,1166.0,1
1167,1167.0,1
1168,1168.0,1
1169,1169.0,1
1170,1170.0,1
1171,1171.0,1
1172,1172.0,1
1173,1173.0,1
1174,1174.0,1
1175,1175.0,1
1176,1176.0,1
1177,1177.0,1
1178,1178.0,1
1179,1179.0,1
1180,1180.0,1
1181,1181.0,1
1182,1182.0,1
1183,1183.0,1
1184,1184.0,1
1185,1185.0,1
1186,1186.0,1
1187,1187.0,1
1188,1188.0,1
1189,1189.0,1
1190,1190.0,1
1191,1191.0,1
1192,1192.0,1
1193,1193.0,1
1194,1194.0,1
1195,1195.0,1
1196,1196.0,1
1197,1197.0,1
1198,1198.0,1
1199,1199.0,1
1200,1200.0,1
1201,1201.0,1
1202,1202.0,1
1203,1203.0,1
1204,1204.0,1
1205,1205.0,1
1206,1206.0,1
1207,1207.0,1
1208,1208.0,1
1209,1209.0,1
1210,1210.0,1
1211,1211.0,1
1212,1212.0,1
1213,1213.0,1
1214,1214.0,1
1215,1215.0,1
1216,1216.0,1
1217,1217.0,1
1218,1218.0,1
1219,1219.0,1
1220,1220.0,1
1221,1221.0,1
1222,1222.0,1
1223,1223.0,1
1224,1224.0,1
1225,1225.0,1
1226,1226.0,1
1227,1227.0,1
1228,1228.0,1
1229,1229.0,1
1230,1230.0,1
1231,1231.0,1
1232,1232.0,1
1233,1233.0,1
1234,1234.0,1
1235,1235.0,1
1236,1236.0,1
1237,1237.0,1
1238,1238.0,1
1239,1239.0,1
1240,1240.0,1
1241,1241.0,1
1242,1242.0,1
1243,1243.0,1
1244,1244.0,1
1245,1245.0,1
1246,1246.0,1
1247,1247.0,1
1248,1248.0,1
1249,1249.0,1
1250,1250.0,0
1251,1251.0,0
1252,1252.0,0
1253,1253.0,0
1254,1254.0,0
1255,1255.0,0
1256,1256.0,0
1257,1257.0,0
1258,1258.0,0
1259,1259.0,0
1260,1260.0,0
1261,1261.0,0
1262,1262.0,0
1263,1263.0,0
1264,1264.0,0
1265,1265.0,0
1266,1266.0,0
1267,1267.0,0
1268,1268.0,0
1269,1269.0,0
1270,1270.0,0
1271,1271.0,0
1272,1272.0,0
1273,1273.0,0
1274,1274.0,0
1275,1275.0,0
1276,1276.0,0
1277,1277.0,0
1278,1278.0,0
1279,1279.0,0
1280,1280.0,0
1281,1281.0,0
1282,1282.0,0
1283,1283.0,0
1284,1284.0,0
1285,1285.0,0
1286,1286.0,0
1287,1287.0,0
1288,1288.0,0
1289,1289.0,0
1290,1290.0,0
1291,1291.0,0
1292,1292.0,0
1293,1293.0,0
1294,1294.0,0
1295,1295.0,0
1296,1296.0,0
1297,1297.0,0
1298,1298.0,0
1299,1299.0,0
1300,1300.0,0
1301,1301.0,0
1302,1302.0,0
1303,1303.0,0
1304,1304.0,0
1305,1305.0,0
1306,1306.0,0
1307,1307.0,0
1308,1308.0,0
1309,1309.0,0
1310,1310.0,0
1311,1311.0,0
1312,1312.0,0
1313,1313.0,0
1314,1314.0,0
1315,1315.0,0
1316,1316.0,0
1317,1317.0,0
1318,1318.0,0
1319,1319.0,0
1320,1320.0,0
1321,1321.0,0
1322,1322.0,0
1323,1323.0,0
1324,1324.0,0
1325,1325.0,0
1326,1326.0,0
1327,1327.0,0
1328,1328.0,0
1329,1329.0,0
1330,1330.0,0
1331,1331.0,0
1332,1332.0,0
1333,1333.0,0
1334,1334.0,0
1335,1335.0,0
1336,1336.0,0
1337,1337.0,0
1338,1338.0,0
1339,1339.0,0
1340,1340.0,0
1341,1341.0,0
1342,1342.0,0
1343,1343.0,0
1344,1344.0,0
1345,1345.0,0
1346,1346.0,0
1347,1347.0,0
1348,1348.0,0
1349,1349.0,0
1350,1350.0,1
1351,1351.0,1
1352,1352.0,1
1353,1353.0,1
1354,1354.0,1
1355,1355.0,1
1356,1356.0,1
1357,1357.0,1
1358,1358.0,1
1359,1359.0,1
1360,1360.0,1
1361,1361.0,1
1362,1362.0,1
1363,1363.0,1
1364,1364.0,1
1365,1365.0,1
1366,1366.0,1
1367,1367.0,1
1368,1368.0,1
1369,1369.0,1
1370,1370.0,1
1371,1371.0,1
1372,1372.0,1
1373,1373.0,1
1374,1374.0,1
1375,1375.0,1
1376,1376.0,1
1377,1377.0,1
1378,1378.0,1
1379,1379.0,1
1380,1380.0,1
1381,1381.0,1
1382,1382.0,1
1383,1383.0,1
1384,1384.0,1
1385,1385.0,1
1386,1386.0,1
1387,1387.0,1
1388,1388.0,1
1389,1389.0,1
1390,1390.0,1
1391,1391.0,1
1392,1392.0,1
1393,1393.0,1
1394,1394.0,1
1395,1395.0,1
1396,1396.0,1
1397,1397.0,1
1398,1398.0,1
1399,1399.0,1
1400,1400.0,1
1401,1401.0,1
1402,1402.0,1
1403,1403.0,1
1404,1404.0,1
1405,1405.0,1
1406,1406.0,1
1407,1407.0,1
1408,1408.0,1
1409,1409.0,1
1410,1410.0,1
1411,1411.0,1
1412,1412.0,1
1413,1413.0,1
1414,1414.0,1
1415,1415.0,1
1416,1416.0,1
1417,1417.0,1
1418,1418.0,1
1419,1419.0,1
1420,1420.0,1
1421,1421.0,1
1422,1422.0,1
1423,1423.0,1
1424,1424.0,1
1425,1425.0,1
1426,1426.0,1
1427,1427.0,1
1428,1428.0,1
1429,1429.0,1
1430,1430.0,1
1431,1431.0,1
1432,1432.0,1
1433,1433.0,1
1434,1434.0,1
1435,1435.0,1
1436,1436.0,1
1437,1437.0,1
1438,1438.0,1
1439,1439.0,1
1440,1440.0,1
1441,1441.0,1
1442,1442.0,1
1443,1443.0,1
1444,1444.0,1
1445,1445.0,1
1446,1446.0,1
1447,1447.0,1
1448,1448.0,1
1449,1449.0,1
1450,1450.0,0
1451,1451.0,0
1452,1452.0,0
1453,1453.0,0
1454,1454.0,0
1455,1455.0,0
1456,1456.0,0
1457,1457.0,0
1458,1458.0,0
1459,1459.0,0
1460,1460.0,0
1461,1461.0,0
1462,1462.0,0
1463,1463.0,0
1464,1464.0,0
1465,1465.0,0
1466,1466.0,0
1467,1467.0,0
1468,1468.0,0
1469,1469.0,0
1470,1470.0,0
1471,1471.0,0
1472,1472.0,0
1473,1473.0,0
1474,1474.0,0
1475,1475.0,0
1476,1476.0,0
1477,1477.0,0
1478,1478.0,0
1479,1479.0,0
1480,1480.0,0
1481,1481.0,0
1482,1482.0,0
1483,1483.0,0
1484,1484.0,0
1485,1485.0,0
1486,1486.0,0
1487,1487.0,0
1488,1488.0,0
1489,1489.0,0
1490,1490.0,0
1491,1491.0,0
1492,1492.0,0
1493,1493.0,0
1494,1494.0,0
1495,1495.0,0
1496,1496.0,0
1497,1497.0,0
1498,1498.0,0
1499,1499.0,0
1500,1500.0,0
1501,1501.0,0
1502,1502.0,0
1503,1503.0,0
1504,1504.0,0
1505,1505.0,0
1506,1506.0,0
1507,1507.0,0
1508,1508.0,0
1509,1509.0,0
1510,1510.0,0
1511,1511.0,0
1512,1512.0,0
1513,1513.0,0
1514,1514.0,0
1515,1515.0,0
1516,1516.0,0
1517,1517.0,0
1518,1518.0,0
1519,1519.0,0
1520,1520.0,0
1521,1521.0,0
1522,1522.0,0
1523,1523.0,0
1524,1524.0,0
1525,1525.0,0
1526,1526.0,0
1527,1527.0,0
1528,1528.0,0
1529,1529.0,0
1530,1530.0,0
1531,1531.0,0
1532,1532.0,0
1533,1533.0,0
1534,1534.0,0
1535,1535.0,0
1536,1536.0,0
1537,1537.0,0
1538,1538.0,0
1539,1539.0,0
1540,1540.0,0
1541,1541.0,0
1542,1542.0,0
1543,1543.0,0
1544,1544.0,0
1545,1545.0,0
1546,1546.0,0
1547,1547.0,0
1548,1548.0,0
1549,1549.0,0
1550,1550.0,1
1551,1551.0,1
1552,1552.0,1
1553,1553.0,1
1554,1554.0,1
1555,1555.0,1
1556,1556.0,1
1557,1557.0,1
1558,1558.0,1
1559,1559.0,1
1560,1560.0,1
1561,1561.0,1
1562,1562.0,1
1563,1563.0,1
1564,1564.0,1
1565,1565.0,1
1566,1566.0,1
1567,1567.0,1
1568,1568.0,1
1569,1569.0,1
1570,1570.0,1
1571,1571.0,1
1572,1572.0,1
1573,1573.0,1
1574,1574.0,1
1575,1575.0,1
1576,1576.0,1
1577,1577.0,1
1578,1578.0,1
1579,1579.0,1
1580,1580.0,1
1581,1581.0,1
1582,1582.0,1
1583,1583.0,1
1584,1584.0,1
1585,1585.0,1
1586,1586.0,1
1587,1587.0,1
1588,1588.0,1
1589,1589.0,1
1590,1590.0,1
1591,1591.0,1
1592,1592.0,1
1593,1593.0,1
1594,1594.0,1
1595,1595.0,1
1596,1596.0,1
1597,1597.0,1
1598,1598.0,1
1599,1599.0,1
1600,1600.0,1
1601,1601.0,1
1602,1602.0,1
1603,1603.0,1
1604,1604.0,1
1605,1605.0,1
1606,1606.0,1
1607,1607.0,1
1608,1608.0,1
1609,1609.0,1
1610,1610.0,1
1611,1611.0,1
1612,1612.0,1
1613,1613.0,1
1614,1614.0,1
1615,1615.0,1
1616,1616.0,1
1617,1617.0,1
1618,1618.0,1
1619,1619.0,1
1620,1620.0,1
1621,1621.0,1
1622,1622.0,1
1623,1623.0,1
1624,1624.0,1
1625,1625.0,1
1626,1626.0,1
1627,1627.0,1
1628,1628.0,1
1629,1629.0,1
1630,1630.0,1
1631,1631.0,1
1632,1632.0,1
1633,1633.0,1
1634,1634.0,1
1635,1635.0,1
1636,1636.0,1
1637,1637.0,1
1638,1638.0,1
1639,1639.0,1
1640,1640.0,1
1641,1641.0,1
1642,1642.0,1
1643,1643.0,1
1644,1644.0,1
1645,1645.0,1
1646,1646.0,1
1647,1647.0,1
1648,1648.0,1
1649,1649.0,1
1650,1650.0,0
1651,1651.0,0
1652,1652.0,0
1653,1653.0,0
1654,1654.0,0
1655,1655.0,0
1656,1656.0,0
1657,1657.0,0
1658,1658.0,0
1659,1659.0,0
1660,1660.0,0
1661,1661.0,0
1662,1662.0,0
1663,1663.0,0
1664,1664.0,0
1665,1665.0,0
1666,1666.0,0
1667,1667.0,0
1668,1668.0,0
1669,1669.0,0
1670,1670.0,0
1671,1671.0,0
1672,1672.0,0
1673,1673.0,0
1674,1674.0,0
1675,1675.0,0
1676,1676.0,0
1677,1677.0,0
1678,1678.0,0
1679,1679.0,0
1680,1680.0,0
1681,1681.0,0
1682,1682.0,0
1683,1683.0,0
1684,1684.0,0
1685,1685.0,0
1686,1686.0,0
1687,1687.0,0
1688,1688.0,0
1689,1689.0,0
1690,1690.0,0
1691,1691.0,0
1692,1692.0,0
1693,1693.0,0
1694,1694.0,0
1695,1695.0,0
1696,1696.0,0
1697,1697.0,0
1698,1698.0,0
1699,1699.0,0
1700,1700.0,0
1701,1701.0,0
1702,1702.0,0
1703,1703.0,0
1704,1704.0,0
1705,1705.0,0
1706,1706.0,0
1707,1707.0,0
1708,1708.0,0
1709,1709.0,0
1710,1710.0,0
1711,1711.0,0
1712,1712.0,0
1713,1713.0,0
1714,1714.0,0
1715,1715.0,0
1716,1716.0,0
1717,1717.0,0
1718,1718.0,0
1719,1719.0,0
1720,1720.0,0
1721,1721.0,0
1722,1722.0,0
1723,1723.0,0
1724,1724.0,0
1725,1725.0,0
1726,1726.0,0
1727,1727.0,0
1728,1728.0,0
1729,1729.0,0
1730,1730.0,0
1731,1731.0,0
1732,1732.0,0
1733,1733.0,0
1734,1734.0,0
1735,1735.0,0
1736,1736.0,0
1737,1737.0,0
1738,1738.0,0
1739,1739.0,0
1740,1740.0,0
1741,1741.0,0
1742,1742.0,0
1743,1743.0,0
1744,1744.0,0
1745,1745.0,0
1746,1746.0,0
1747,1747.0,0
1748,1748.0,0
1749,1749.0,0
1750,1750.0,1
1751,1751.0,1
1752,1752.0,1
1753,1753.0,1
1754,1754.0,1
1755,1755.0,1
1756,1756.0,1
1757,1757.0,1
1758,1758.0,1
1759,1759.0,1
1760,1760.0,1
1761,1761.0,1
1762,1762.0,1
1763,1763.0,1
1764,1764.0,1
1765,1765.0,1
1766,1766.0,1
1767,1767.0,1
1768,1768.0,1
1769,1769.0,1
1770,1770.0,1
1771,1771.0,1
1772,1772.0,1
1773,1773.0,1
1774,1774.0,1
1775,1775.0,1
1776,1776.0,1
1777,1777.0,1
1778,1778.0,1
1779,1779.0,1
1780,1780.0,1
1781,1781.0,1
1782,1782.0,1
1783,1783.0,1
1784,1784.0,1
1785,1785.0,1
1786,1786.0,1
1787,1787.0,1
1788,1788.0,1
1789,1789.0,1
1790,1790.0,1
1791,1791.0,1
1792,1792.0,1
1793,1793.0,1
1794,1794.0,1
1795,1795.0,1
1796,1796.0,1
1797,1797.0,1
1798,1798.0,1
1799,1799.0,1
1800,1800.0,1
1801,1801.0,1
1802,1802.0,1
1803,1803.0,1
1804,1804.0,1
1805,1805.0,1
1806,1806.0,1
1807,1807.0,1
1808,1808.0,1
1809,1809.0,1
1810,1810.0,1
1811,1811.0,1
1812,1812.0,1
1813,1813.0,1
1814,1814.0,1
1815,1815.0,1
1816,1816.0,1
1817,1817.0,1
1818,1818.0,1
1819,1819.0,1
1820,1820.0,1
1821,1821.0,1
1822,1822.0,1
1823,1823.0,1
1824,1824.0,1
1825,1825.0,1
1826,1826.0,1
1827,1827.0,1
1828,1828.0,1
1829,1829.0,1
1830,1830.0,1
1831,1831.0,1
1832,1832.0,1
1833,1833.0,1
1834,1834.0,1
1835,1835.0,1
1836,1836.0,1
1837,1837.0,1
1838,1838.0,1
1839,1839.0,1
1840,1840.0,1
1841,1841.0,1
1842,1842.0,1
1843,1843.0,1
1844,1844.0,1
1845,1845.0,1
1846,1846.0,1
1847,1847.0,1
1848,1848.0,1
1849,1849.0,1
1850,1850.0,0
1851,1851.0,0
1852,1852.0,0
1853,1853.0,0
1854,1854.0,0
1855,1855.0,0
1856,1856.0,0
1857,1857.0,0
1858,1858.0,0
1859,1859.0,0
1860,1860.0,0
1861,1861.0,0
1862,1862.0,0
1863,1863.0,0
1864,1864.0,0
1865,1865.0,0
1866,1866.0,0
1867,1867.0,0
1868,1868.0,0
1869,1869.0,0
1870,1870.0,0
1871,1871.0,0
1872,1872.0,0
1873,1873.0,0
1874,1874.0,0
1875,1875.0,0
1876,1876.0,0
1877,1877.0,0
1878,1878.0,0
1879,1879.0,0
1880,1880.0,0
1881,1881.0,0
1882,1882.0,0
1883,1883.0,0
1884,1884.0,0
1885,1885.0,0
1886,1886.0,0
1887,1887.0,0
1888,1888.0,0
1889,1889.0,0
1890,1890.0,0
1891,1891.0,0
1892,1892.0,0
1893,1893.0,0
1894,1894.0,0
1895,1895.0,0
1896,1896.0,0
1897,1897.0,0
1898,1898.0,0
1899,1899.0,0
1900,1900.0,0
1901,1901.0,0
1902,1902.0,0
1903,1903.0,0
1904,1904.0,0
1905,1905.0,0
1906,1906.0,0
1907,1907.0,0
1908,1908.0,0
1909,1909.0,0
1910,1910.0,0
1911,1911.0,0
1912,1912.0,0
1913,1913.0,0
1914,1914.0,0
1915,1915.0,0
1916,1916.0,0
1917,1917.0,0
1918,1918.0,0
1919,1919.0,0
1920,1920.0,0
1921,1921.0,0
1922,1922.0,0
1923,1923.0,0
1924,1924.0,0
1925,1925.0,0
1926,1926.0,0
1927,1927.0,0
1928,1928.0,0
1929,1929.0,0
1930,1930.0,0
1931,1931.0,0
1932,1932.0,0
1933,1933.0,0
1934,1934.0,0
1935,1935.0,0
1936,1936.0,0
1937,1937.0,0
1938,1938.0,0
1939,1939.0,0
1940,1940.0,0
1941,1941.0,0
1942,1942.0,0
1943,1943.0,0
1944,1944.0,0
1945,1945.0,0
1946,1946.0,0
1947,1947.0,0
1948,1948.0,0
1949,1949.0,0
1950,1950.0,1
1951,1951.0,1
1952,1952.0,1
1953,1953.0,1
1954,1954.0,1
1955,1955.0,1
1956,1956.0,1
1957,1957.0,1
1958,1958.0,1
1959,1959.0,1
1960,1960.0,1
1961,1961.0,1
1962,1962.0,1
1963,1963.0,1
1964,1964.0,1
1965,1965.0,1
1966,1966.0,1
1967,1967.0,1
1968,1968.0,1
1969,1969.0,1
1970,1970.0,1
1971,1971.0,1
1972,1972.0,1
1973,1973.0,1
1974,1974.0,1
1975,1975.0,1
1976,1976.0,1
1977,1977.0,1
1978,1978.0,1
1979,1979.0,1
1980,1980.0,1
1981,1981.0,1
1982,1982.0,1
1983,1983.0,1
1984,1984.0,1
1985,1985.0,1
1986,1986.0,1
1987,1987.0,1
1988,1988.0,1
1989,1989.0,1
1990,1990.0,1
1991,1991.0,1
1992,1992.0,1
1993,1993.0,1
1994,1994.0,1
1995,1995.0,1
1996,1996.0,1
1997,1997.0,1
1998,1998.0,1
1999,1999.0,1
2000,2000.0,1
2001,2001.0,1
2002,2002.0,1
2003,2003.0,1
2004,2004.0,1
2005,2005.0,1
2006,2006.0,1
2007,2007.0,1
2008,2008.0,1
2009,2009.0,1
2010,2010.0,1
2011,2011.0,1
2012,2012.0,1
2013,2013.0,1
2014,2014.0,1
2015,2015.0,1
2016,2016.0,1
2017,2017.0,1
2018,2018.0,1
2019,2019.0,1
2020,2020.0,1
2021,2021.0,1
2022,2022.0,1
2023,2023.0,1
2024,2024.0,1
2025,2025.0,1
2026,2026.0,1
2027,2027.0,1
2028,2028.0,1
2029,2029.0,1
2030,2030.0,1
2031,2031.0,1
2032,2032.0,1
2033,2033.0,1
2034,2034.0,1
2035,2035.0,1
2036,2036.0,1
2037,2037.0,1
2038,2038.0,1
2039,2039.0,1
2040,2040.0,1
2041,2041.0,1
2042,2042.0,1
2043,2043.0,1
2044,2044.0,1
2045,2045.0,1
2046,2046.0,1
2047,2047.0,1
2048,2048.0,1
2049,2049.0,1
2050,2050.0,0
2051,2051.0,0
2052,2052.0,0
2053,2053.0,0
2054,2054.0,0
2055,2055.0,0
2056,2056.0,0
2057,2057.0,0
2058,2058.0,0
2059,2059.0,0
2060,2060.0,0
2061,2061.0,0
2062,2062.0,0
2063,2063.0,0
2064,2064.0,0
2065,2065.0,0
2066,2066.0,0
2067,2067.0,0
2068,2068.0,0
2069,2069.0,0
2070,2070.0,0
2071,2071.0,0
2072,2072.0,0
2073,2073.0,0
2074,2074.0,0
2075,2075.0,0
2076,2076.0,0
2077,2077.0,0
2078,2078.0,0
2079,2079.0,0
2080,2080.0,0
2081,2081.0,0
2082,2082.0,0
2083,2083.0,0
2084,2084.0,0
2085,2085.0,0
2086,2086.0,0
2087,2087.0,0
2088,2088.0,0
2089,2089.0,0
2090,2090.0,0
2091,2091.0,0
2092,2092.0,0
2093,2093.0,0
2094,2094.0,0
2095,2095.0,0
2096,2096.0,0
2097,2097.0,0
2098,2098.0,0
2099,2099.0,0
2100,2100.0,0
2101,2101.0,0
2102,2102.0,0
2103,2103.0,0
2104,2104.0,0
2105,2105.0,0
2106,2106.0,0
2107,2107.0,0
2108,2108.0,0
2109,2109.0,0
2110,2110.0,0
2111,2111.0,0
2112,2112.0,0
2113,2113.0,0
2114,2114.0,0
2115,2115.0,0
2116,2116.0,0
2117,2117.0,0
2118,2118.0,0
2119,2119.0,0
2120,2120.0,0
2121,2121.0,0
2122,2122.0,0
2123,2123.0,0
2124,2124.0,0
2125,2125.0,0
2126,2126.0,0
2127,2127.0,0
2128,2128.0,0
2129,2129.0,0
2130,2130.0,0
2131,2131.0,0
2132,2132.0,0
2133,2133.0,0
2134,2134.0,0
2135,2135.0,0
2136,2136.0,0
2137,2137.0,0
2138,2138.0,0
2139,2139.0,0
2140,2140.0,0
2141,2141.0,0
2142,2142.0,0
2143,2143.0,0
2144,2144.0,0
2145,2145.0,0
2146,2146.0,0
2147,2147.0,0
2148,2148.0,0
2149,2149.0,0
2150,2150.0,1
2151,2151.0,1
2152,2152.0,1
2153,2153.0,1
2154,2154.0,1
2155,2155.0,1
2156,2156.0,1
2157,2157.0,1
2158,2158.0,1
2159,2159.0,1
2160,2160.0,1
2161,2161.0,1
2162,2162.0,1
2163,2163.0,1
2164,2164.0,1
2165,2165.0,1
2166,2166.0,1
2167,2167.0,1
2168,2168.0,1
2169,2169.0,1
2170,2170.0,1
2171,2171.0,1
2172,2172.0,1
2173,2173.0,1
2174,2174.0,1
2175,2175.0,1
2176,2176.0,1
2177,2177.0,1
2178,2178.0,1
2179,2179.0,1
2180,2180.0,1
2181,2181.0,1
2182,2182.0,1
2183,2183.0,1
2184,2184.0,1
2185,2185.0,1
2186,2186.0,1
2187,2187.0,1
2188,2188.0,1
2189,2189.0,1
2190,2190.0,1
2191,2191.0,1
2192,2192.0,1
2193,2193.0,1
2194,2194.0,1
2195,2195.0,1
2196,2196.0,1
2197,2197.0,1
2198,2198.0,1
2199,2199.0,1
2200,2200.0,1
2201,2201.0,1
2202,2202.0,1
2203,2203.0,1
2204,2204.0,1
2205,2205.0,1
2206,2206.0,1
2207,2207.0,1
2208,2208.0,1
2209,2209.0,1
2210,2210.0,1
2211,2211.0,1
2212,2212.0,1
2213,2213.0,1
2214,2214.0,1
2215,2215.0,1
2216,2216.0,1
2217,2217.0,1
2218,2218.0,1
2219,2219.0,1
2220,2220.0,1
2221,2221.0,1
2222,2222.0,1
2223,2223.0,1
2224,2224.0,1
2225,2225.0,1
2226,2226.0,1
2227,2227.0,1
2228,2228.0,1
2229,2229.0,1
2230,2230.0,1
2231,2231.0,1
2232,2232.0,1
2233,2233.0,1
2234,2234.0,1
2235,2235.0,1
2236,2236.0,1
2237,2237.0,1
2238,2238.0,1
2239,2239.0,1
2240,2240.0,1
2241,2241.0,1
2242,2242.0,1
2243,2243.0,1
2244,2244.0,1
2245,2245.0,1
2246,2246.0,1
2247,2247.0,1
2248,2248.0,1
2249,2249.0,1
2250,2250.0,0
2251,2251.0,0
2252,2252.0,0
2253,2253.0,0
2254,2254.0,0
2255,2255.0,0
2256,2256.0,0
2257,2257.0,0
2258,2258.0,0
2259,2259.0,0
2260,2260.0,0
2261,2261.0,0
2262,2262.0,0
2263,2263.0,0
2264,2264.0,0
2265,2265.0,0
2266,2266.0,0
2267,2267.0,0
2268,2268.0,0
2269,2269.0,0
2270,2270.0,0
2271,2271.0,0
2272,2272.0,0
2273,2273.0,0
2274,2274.0,0
2275,2275.0,0
2276,2276.0,0
2277,2277.0,0
2278,2278.0,0
2279,2279.0,0
2280,2280.0,0
2281,2281.0,0
2282,2282.0,0
2283,2283.0,0
2284,2284.0,0
2285,2285.0,0
2286,2286.0,0
2287,2287.0,0
2288,2288.0,0
2289,2289.0,0
2290,2290.0,0
2291,2291.0,0
2292,2292.0,0
2293,2293.0,0
2294,2294.0,0
2295,2295.0,0
2296,2296.0,0
2297,2297.0,0
2298,2298.0,0
2299,2299.0,0
2300,2300.0,0
2301,2301.0,0
2302,2302.0,0
2303,2303.0,0
2304,2304.0,0
2305,2305.0,0
2306,2306.0,0
2307,2307.0,0
2308,2308.0,0
2309,2309.0,0
2310,2310.0,0
2311,2311.0,0
2312,2312.0,0
2313,2313.0,0
2314,2314.0,0
2315,2315.0,0
2316,2316.0,0
2317,2317.0,0
2318,2318.0,0
2319,2319.0,0
2320,2320.0,0
2321,2321.0,0
2322,2322.0,0
2323,2323.0,0
2324,2324.0,0
2325,2325.0,0
2326,2326.0,0
2327,2327.0,0
2328,2328.0,0
2329,2329.0,0
2330,2330.0,0
2331,2331.0,0
2332,2332.0,0
2333,2333.0,0
2334,2334.0,0
2335,2335.0,0
2336,2336.0,0
2337,2337.0,0
2338,2338.0,0
2339,2339.0,0
2340,2340.0,0
2341,2341.0,0
2342,2342.0,0
2343,2343.0,0
2344,2344.0,0
2345,2345.0,0
2346,2346.0,0
2347,2347.0,0
2348,2348.0,0
2349,2349.0,0
2350,2350.0,1
2351,2351.0,1
2352,2352.0,1
2353,2353.0,1
2354,2354.0,1
2355,2355.0,1
2356,2356.0,1
2357,2357.0,1
2358,2358.0,1
2359,2359.0,1
2360,2360.0,1
2361,2361.0,1
2362,2362.0,1
2363,2363.0,1
2364,2364.0,1
2365,2365.0,1
2366,2366.0,1
2367,2367.0,1
2368,2368.0,1
2369,2369.0,1
2370,2370.0,1
2371,2371.0,1
2372,2372.0,1
2373,2373.0,1
2374,2374.0,1
2375,2375.0,1
2376,2376.0,1
2377,2377.0,1
2378,2378.0,1
2379,2379.0,1
2380,2380.0,1
2381,2381.0,1
2382,2382.0,1
2383,2383.0,1
2384,2384.0,1
2385,2385.0,1
2386,2386.0,1
2387,2387.0,1
2388,2388.0,1
2389,2389.0,1
2390,2390.0,1
2391,2391.0,1
2392,2392.0,1
2393,2393.0,1
2394,2394.0,1
2395,2395.0,1
2396,2396.0,1
2397,2397.0,1
2398,2398.0,1
2399,2399.0,1
2400,2400.0,1
2401,2401.0,1
2402,2402.0,1
2403,2403.0,1
2404,2404.0,1
2405,2405.0,1
2406,2406.0,1
2407,2407.0,1
2408,2408.0,1
2409,2409.0,1
2410,2410.0,1
2411,2411.0,1
2412,2412.0,1
2413,2413.0,1
2414,2414.0,1
2415,2415.0,1
2416,2416.0,1
2417,2417.0,1
2418,2418.0,1
2419,2419.0,1
2420,2420.0,1
2421,2421.0,1
2422,2422.0,1
2423,2423.0,1
2424,2424.0,1
2425,2425.0,1
2426,2426.0,1
2427,2427.0,1
2428,2428.0,1
2429,2429.0,1
2430,2430.0,1
2431,2431.0,1
2432,2432.0,1
2433,2433.0,1
2434,2434.0,1
2435,2435.0,1
2436,2436.0,1
2437,2437.0,1
2438,2438.0,1
2439,2439.0,1
2440,2440.0,1
2441,2441.0,1
2442,2442.0,1
2443,2443.0,1
2444,2444.0,1
2445,2445.0,1
2446,2446.0,1
2447,2447.0,1
2448,2448.0,1
2449,2449.0,1
2450,2450.0,0
2451,2451.0,0
2452,2452.0,0
2453,2453.0,0
2454,2454.0,0
2455,2455.0,0
2456,2456.0,0
2457,2457.0,0
2458,2458.0,0
2459,2459.0,0
2460,2460.0,0
2461,2461.0,0
2462,2462.0,0
2463,2463.0,0
2464,2464.0,0
2465,2465.0,0
2466,2466.0,0
2467,2467.0,0
2468,2468.0,0
2469,2469.0,0
2470,2470.0,0
2471,2471.0,0
2472,2472.0,0
2473,2473.0,0
2474,2474.0,0
2475,2475.0,0
2476,2476.0,0
2477,2477.0,0
2478,2478.0,0
2479,2479.0,0
2480,2480.0,0
2481,2481.0,0
2482,2482.0,0
2483,2483.0,0
2484,2484.0,0
2485,2485.0,0
2486,2486.0,0
2487,2487.0,0
2488,2488.0,0
2489,2489.0,0
2490,2490.0,0
2491,2491.0,0
2492,2492.0,0
2493,2493.0,0
2494,2494.0,0
2495,2495.0,0
2496,2496.0,0
2497,2497.0,0
2498,2498.0,0
2499,2499.0,0
2500,2500.0,0
2501,2501.0,0
2502,2502.0,0
2503,2503.0,0
2504,2504.0,0
2505,2505.0,0
2506,2506.0,0
2507,2507.0,0
2508,2508.0,0
2509,2509.0,0
2510,2510.0,0
2511,2511.0,0
2512,2512.0,0
2513,2513.0,0
2514,2514.0,0
2515,2515.0,0
2516,2516.0,0
2517,2517.0,0
2518,2518.0,0
2519,2519.0,0
2520,2520.0,0
2521,2521.0,0
2522,2522.0,0
2523,2523.0,0
2524,2524.0,0
2525,2525.0,0
2526,2526.0,0
2527,2527.0,0
2528,2528.0,0
2529,2529.0,0
2530,2530.0,0
2531,2531.0,0
2532,2532.0,0
2533,2533.0,0
2534,2534.0,0
2535,2535.0,0
2536,2536.0,0
2537,2537.0,0
2538,2538.0,0
2539,2539.0,0
2540,2540.0,0
2541,2541.0,0
2542,2542.0,0
2543,2543.0,0
2544,2544.0,0
2545,2545.0,0
2546,2546.0,0
2547,2547.0,0
2548,2548.0,0
2549,2549.0,0
2550,2550.0,1
2551,2551.0,1
2552,2552.0,1
2553,2553.0,1
2554,2554.0,1
2555,2555.0,1
2556,2556.0,1
2557,2557.0,1
2558,2558.0,1
2559,2559.0,1
2560,2560.0,1
2561,2561.0,1
2562,2562.0,1
2563,2563.0,1
2564,2564.0,1
2565,2565.0,1
2566,2566.0,1
2567,2567.0,1
2568,2568.0,1
2569,2569.0,1
2570,2570.0,1
2571,2571.0,1
2572,2572.0,1
2573,2573.0,1
2574,2574.0,1
2575,2575.0,1
2576,2576.0,1
2577,2577.0,1
2578,2578.0,1
2579,2579.0,1
2580,2580.0,1
2581,2581.0,1
2582,2582.0,1
2583,2583.0,1
2584,2584.0,1
2585,2585.0,1
2586,2586.0,1
2587,2587.0,1
2588,2588.0,1
2589,2589.0,1
2590,2590.0,1
2591,2591.0,1
2592,2592.0,1
2593,2593.0,1
2594,2594.0,1
2595,2595.0,1
2596,2596.0,1
2597,2597.0,1
2598,2598.0,1
2599,2599.0,1
2600,2600.0,1
2601,2601.0,1
2602,2602.0,1
2603,2603.0,1
2604,2604.0,1
2605,2605.0,1
2606,2606.0,1
2607,2607.0,1
2608,2608.0,1
2609,2609.0,1
2610,2610.0,1
2611,2611.0,1
2612,2612.0,1
2613,2613.0,1
2614,2614.0,1
2615,2615.0,1
2616,2616.0,1
2617,2617.0,1
2618,2618.0,1
2619,2619.0,1
2620,2620.0,1
2621,2621.0,1
2622,2622.0,1
2623,2623.0,1
2624,2624.0,1
2625,2625.0,1
2626,2626.0,1
2627,2627.0,1
2628,2628.0,1
2629,2629.0,1
2630,2630.0,1
2631,2631.0,1
2632,2632.0,1
2633,2633.0,1
2634,2634.0,1
2635,2635.0,1
2636,2636.0,1
2637,2637.0,1
2638,2638.0,1
2639,2639.0,1
2640,2640.0,1
2641,2641.0,1
2642,2642.0,1
2643,2643.0,1
2644,2644.0,1
2645,2645.0,1
2646,2646.0,1
2647,2647.0,1
2648,2648.0,1
2649,2649.0,1
2650,2650.0,0
2651,2651.0,0
2652,2652.0,0
2653,2653.0,0
2654,2654.0,0
2655,2655.0,0
2656,2656.0,0
2657,2657.0,0
2658,2658.0,0
2659,2659.0,0
2660,2660.0,0
2661,2661.0,0
2662,2662.0,0
2663,2663.0,0
2664,2664.0,0
2665,2665.0,0
2666,2666.0,0
2667,2667.0,0
2668,2668.0,0
2669,2669.0,0
2670,2670.0,0
2671,2671.0,0
2672,2672.0,0
2673,2673.0,0
2674,2674.0,0
2675,2675.0,0
2676,2676.0,0
2677,2677.0,0
2678,2678.0,0
2679,2679.0,0
2680,2680.0,0
2681,2681.0,0
2682,2682.0,0
2683,2683.0,0
2684,2684.0,0
2685,2685.0,0
2686,2686.0,0
2687,2687.0,0
2688,2688.0,0
2689,2689.0,0
2690,2690.0,0
2691,2691.0,0
2692,2692.0,0
2693,2693.0,0
2694,2694.0,0
2695,2695.0,0
2696,2696.0,0
2697,2697.0,0
2698,2698.0,0
2699,2699.0,0
2700,2700.0,0
2701,2701.0,0
2702,2702.0,0
2703,2703.0,0
2704,2704.0,0
2705,2705.0,0
2706,2706.0,0
2707,2707.0,0
2708,2708.0,0
2709,2709.0,0
2710,2710.0,0
2711,2711.0,0
2712,2712.0,0
2713,2713.0,0
2714,2714.0,0
2715,2715.0,0
2716,2716.0,0
2717,2717.0,0
2718,2718.0,0
2719,2719.0,0
2720,2720.0,0
2721,2721.0,0
2722,2722.0,0
2723,2723.0,0
2724,2724.0,0
2725,2725.0,0
2726,2726.0,0
2727,2727.0,0
2728,2728.0,0
2729,2729.0,0
2730,2730.0,0
2731,2731.0,0
2732,2732.0,0
2733,2733.0,0
2734,2734.0,0
2735,2735.0,0
2736,2736.0,0
2737,2737.0,0
2738,2738.0,0
2739,2739.0,0
2740,2740.0,0
2741,2741.0,0
2742,2742.0,0
2743,2743.0,0
2744,2744.0,0
2745,2745.0,0
2746,2746.0,0
2747,2747.0,0
2748,2748.0,0
2749,2749.0,0
2750,2750.0,1
2751,2751.0,1
2752,2752.0,1
2753,2753.0,1
2754,2754.0,1
2755,2755.0,1
2756,2756.0,1
2757,2757.0,1
2758,2758.0,1
2759,2759.0,1
2760,2760.0,1
2761,2761.0,1
2762,2762.0,1
2763,2763.0,1
2764,2764.0,1
2765,2765.0,1
2766,2766.0,1
2767,2767.0,1
2768,2768.0,1
2769,2769.0,1
2770,2770.0,1
2771,2771.0,1
2772,2772.0,1
2773,2773.0,1
2774,2774.0,1
2775,2775.0,1
2776,2776.0,1
2777,2777.0,1
2778,2778.0,1
2779,2779.0,1
2780,2780.0,1
2781,2781.0,1
2782,2782.0,1
2783,2783.0,1
2784,2784.0,1
2785,2785.0,1
2786,2786.0,1
2787,2787.0,1
2788,2788.0,1
2789,2789.0,1
2790,2790.0,1
2791,2791.0,1
2792,2792.0,1
2793,2793.0,1
2794,2794.0,1
2795,2795.0,1
2796,2796.0,1
2797,2797.0,1
2798,2798.0,1
2799,2799.0,1
2800,2800.0,1
2801,2801.0,1
2802,2802.0,1
2803,2803.0,1
2804,2804.0,1
2805,2805.0,1
2806,2806.0,1
2807,2807.0,1
2808,2808.0,1
2809,2809.0,1
2810,2810.0,1
2811,2811.0,1
2812,2812.0,1
2813,2813.0,1
2814,2814.0,1
2815,2815.0,1
2816,2816.0,1
2817,2817.0,1
2818,2818.0,1
2819,2819.0,1
2820,2820.0,1
2821,2821.0,1
2822,2822.0,1
2823,2823.0,1
2824,2824.0,1
2825,2825.0,1
2826,2826.0,1
2827,2827.0,1
2828,2828.0,1
2829,2829.0,1
2830,2830.0,1
2831,2831.0,1
2832,2832.0,1
2833,2833.0,1
2834,2834.0,1
2835,2835.0,1
2836,2836.0,1
2837,2837.0,1
2838,2838.0,1
2839,2839.0,1
2840,2840.0,1
2841,2841.0,1
2842,2842.0,1
2843,2843.0,1
2844,2844.0,1
2845,2845.0,1
2846,2846.0,1
2847,2847.0,1
2848,2848.0,1
2849,2849.0,1
2850,2850.0,0
2851,2851.0,0
2852,2852.0,0
2853,2853.0,0
2854,2854.0,0
2855,2855.0,0
2856,2856.0,0
2857,2857.0,0
2858,2858.0,0
2859,2859.0,0
2860,2860.0,0
2861,2861.0,0
2862,2862.0,0
2863,2863.0,0
2864,2864.0,0
2865,2865.0,0
2866,2866.0,0
2867,2867.0,0
2868,2868.0,0
2869,2869.0,0
2870,2870.0,0
2871,2871.0,0
2872,2872.0,0
2873,2873.0,0
2874,2874.0,0
2875,2875.0,0
2876,2876.0,0
2877,2877.0,0
2878,2878.0,0
2879,2879.0,0
2880,2880.0,0
2881,2881.0,0
2882,2882.0,0
2883,2883.0,0
2884,2884.0,0
2885,2885.0,0
2886,2886.0,0
2887,2887.0,0
2888,2888.0,0
2889,2889.0,0
2890,2890.0,0
2891,2891.0,0
2892,2892.0,0
2893,2893.0,0
2894,2894.0,0
2895,2895.0,0
2896,2896.0,0
2897,2897.0,0
2898,2898.0,0
2899,2899.0,0
2900,2900.0,0
2901,2901.0,0
2902,2902.0,0
2903,2903.0,0
2904,2904.0,0
2905,2905.0,0
2906,2906.0,0
2907,2907.0,0
2908,2908.0,0
2909,2909.0,0
2910,2910.0,0
2911,2911.0,0
2912,2912.0,0
2913,2913.0,0
2914,2914.0,0
2915,2915.0,0
2916,2916.0,0
2917,2917.0,0
2918,2918.0,0
2919,2919.0,0
2920,2920.0,0
2921,2921.0,0
2922,2922.0,0
2923,2923.0,0
2924,2924.0,0
2925,2925.0,0
2926,2926.0,0
2927,2927.0,0
2928,2928.0,0
2929,2929.0,0
2930,2930.0,0
2931,2931.0,0
2932,2932.0,0
2933,2933.0,0
2934,2934.0,0
2935,2935.0,0
2936,2936.0,0
2937,2937.0,0
2938,2938.0,0
2939,2939.0,0
2940,2940.0,0
2941,2941.0,0
2942,2942.0,0
2943,2943.0,0
2944,2944.0,0
2945,2945.0,0
2946,2946.0,0
2947,2947.0,0
2948,2948.0,0
2949,2949.0,0
2950,2950.0,1
2951,2951.0,1
2952,2952.0,1
2953,2953.0,1
2954,2954.0,1
2955,2955.0,1
2956,2956.0,1
2957,2957.0,1
2958,2958.0,1
2959,2959.0,1
2960,2960.0,1
2961,2961.0,1
2962,2962.0,1
2963,2963.0,1
2964,2964.0,1
2965,2965.0,1
2966,2966.0,1
2967,2967.0,1
2968,2968.0,1
2969,2969.0,1
2970,2970.0,1
2971,2971.0,1
2972,2972.0,1
2973,2973.0,1
2974,2974.0,1
2975,2975.0,1
2976,2976.0,1
2977,2977.0,1
2978,2978.0,1
2979,2979.0,1
2980,2980.0,1
2981,2981.0,1
2982,2982.0,1
2983,2983.0,1
2984,2984.0,1
2985,2985.0,1
2986,2986.0,1
2987,2987.0,1
2988,2988.0,1
2989,2989.0,1
2990,2990.0,1
2991,2991.0,1
2992,2992.0,1
2993,2993.0,1
2994,2994.0,1
2995,2995.0,1
2996,2996.0,1
2997,2997.0,1
2998,2998.0,1
2999,2999.0,1
3000,3000.0,1
3001,3001.0,1
3002,3002.0,1
3003,3003.0,1
3004,3004.0,1
3005,3005.0,1
3006,3006.0,1
3007,3007.0,1
3008,3008.0,1
3009,3009.0,1
3010,3010.0,1
3011,3011.0,1
3012,3012.0,1
3013,3013.0,1
3014,3014.0,1
3015,3015.0,1
3016,3016.0,1
3017,3017.0,1
3018,3018.0,1
3019,3019.0,1
3020,3020.0,1
3021,3021.0,1
3022,3022.0,1
3023,3023.0,1
3024,3024.0,1
3025,3025.0,1
3026,3026.0,1
3027,3027.0,1
3028,3028.0,1
3029,3029.0,1
3030,3030.0,1
3031,3031.0,1
3032,3032.0,1
3033,3033.0,1
3034,3034.0,1
3035,3035.0,1
3036,3036.0,1
3037,3037.0,1
3038,3038.0,1
3039,3039.0,1
3040,3040.0,1
3041,3041.0,1
3042,3042.0,1
3043,3043.0,1
3044,3044.0,1
3045,3045.0,1
3046,3046.0,1
3047,3047.0,1
3048,3048.0,1
3049,3049.0,1
3050,3050.0,0
3051,3051.0,0
3052,3052.0,0
3053,3053.0,0
3054,3054.0,0
3055,3055.0,0
3056,3056.0,0
3057,3057.0,0
3058,3058.0,0
3059,3059.0,0
3060,3060.0,0
3061,3061.0,0
3062,3062.0,0
3063,3063.0,0
3064,3064.0,0
3065,3065.0,0
3066,3066.0,0
3067,3067.0,0
3068,3068.0,0
3069,3069.0,0
3070,3070.0,0
3071,3071.0,0
3072,3072.0,0
3073,3073.0,0
3074,3074.0,0
3075,3075.0,0
3076,3076.0,0
3077,3077.0,0
3078,3078.0,0
3079,3079.0,0
3080,3080.0,0
3081,3081.0,0
3082,3082.0,0
3083,3083.0,0
3084,3084.0,0
3085,3085.0,0
3086,3086.0,0
3087,3087.0,0
3088,3088.0,0
3089,3089.0,0
3090,3090.0,0
3091,3091.0,0
3092,3092.0,0
3093,3093.0,0
3094,3094.0,0
3095,3095.0,0
3096,3096.0,0
3097,3097.0,0
3098,3098.0,0
3099,3099.0,0
3100,3100.0,0
3101,3101.0,0
3102,3102.0,0
3103,3103.0,0
3104,3104.0,0
3105,3105.0,0
3106,3106.0,0
3107,3107.0,0
3108,3108.0,0
3109,3109.0,0
3110,3110.0,0
3111,3111.0,0
3112,3112.0,0
3113,3113.0,0
3114,3114.0,0
3115,3115.0,0
3116,3116.0,0
3117,3117.0,0
3118,3118.0,0
3119,3119.0,0
3120,3120.0,0
3121,3121.0,0
3122,3122.0,0
3123,3123.0,0
3124,3124.0,0
3125,3125.0,0
3126,3126.0,0
3127,3127.0,0
3128,3128.0,0
3129,3129.0,0
3130,3130.0,0
3131,3131.0,0
3132,3132.0,0
3133,3133.0,0
3134,3134.0,0
3135,3135.0,0
3136,3136.0,0
3137,3137.0,0
3138,3138.0,0
3139,3139.0,0
3140,3140.0,0
3141,3141.0,0
3142,3142.0,0
3143,3143.0,0
3144,3144.0,0
3145,3145.0,0
3146,3146.0,0
3147,3147.0,0
3148,3148.0,0
3149,3149.0,0
3150,3150.0,1
3151,3151.0,1
3152,3152.0,1
3153,3153.0,1
3154,3154.0,1
3155,3155.0,1
3156,3156.0,1
3157,3157.0,1
3158,3158.0,1
3159,3159.0,1
3160,3160.0,1
3161,3161.0,1
3162,3162.0,1
3163,3163.0,1
3164,3164.0,1
3165,3165.0,1
3166,3166.0,1
3167,3167.0,1
3168,3168.0,1
3169,3169.0,1
3170,3170.0,1
3171,3171.0,1
3172,3172.0,1
3173,3173.0,1
3174,3174.0,1
3175,3175.0,1
3176,3176.0,1
3177,3177.0,1
3178,3178.0,1
3179,3179.0,1
3180,3180.0,1
3181,3181.0,1
3182,3182.0,1
3183,3183.0,1
3184,3184.0,1
3185,3185.0,1
3186,3186.0,1
3187,3187.0,1
3188,3188.0,1
3189,3189.0,1
3190,3190.0,1
3191,3191.0,1
3192,3192.0,1
3193,3193.0,1
3194,3194.0,1
3195,3195.0,1
3196,3196.0,1
3197,3197.0,1
3198,3198.0,1
3199,3199.0,1
3200,3200.0,1
3201,3201.0,1
3202,3202.0,1
3203,3203.0,1
3204,3204.0,1
3205,3205.0,1
3206,3206.0,1
3207,3207.0,1
3208,3208.0,1
3209,3209.0,1
3210,3210.0,1
3211,3211.0,1
3212,3212.0,1
3213,3213.0,1
3214,3214.0,1
3215,3215.0,1
3216,3216.0,1
3217,3217.0,1
3218,3218.0,1
3219,3219.0,1
3220,3220.0,1
3221,3221.0,1
3222,3222.0,1
3223,3223.0,1
3224,3224.0,1
3225,3225.0,1
3226,3226.0,1
3227,3227.0,1
3228,3228.0,1
3229,3229.0,1
3230,3230.0,1
3231,3231.0,1
3232,3232.0,1
3233,3233.0,1
3234,3234.0,1
3235,3235.0,1
3236,3236.0,1
3237,3237.0,1
3238,3238.0,1
3239,3239.0,1
3240,3240.0,1
3241,3241.0,1
3242,3242.0,1
3243,3243.0,1
3244,3244.0,1
3245,3245.0,1
3246,3246.0,1
3247,3247.0,1
3248,3248.0,1
3249,3249.0,1
3250,3250.0,0
3251,3251.0,0
3252,3252.0,0
3253,3253.0,0
3254,3254.0,0
3255,3255.0,0
3256,3256.0,0
3257,3257.0,0
3258,3258.0,0
3259,3259.0,0
3260,3260.0,0
3261,3261.0,0
3262,3262.0,0
3263,3263.0,0
3264,3264.0,0
3265,3265.0,0
3266,3266.0,0
3267,3267.0,0
3268,3268.0,0
3269,3269.0,0
3270,3270.0,0
3271,3271.0,0
3272,3272.0,0
3273,3273.0,0
3274,3274.0,0
3275,3275.0,0
3276,3276.0,0
3277,3277.0,0
3278,3278.0,0
3279,3279.0,0
3280,3280.0,0
3281,3281.0,0
3282,3282.0,0
3283,3283.0,0
3284,3284.0,0
3285,3285.0,0
3286,3286.0,0
3287,3287.0,0
3288,3288.0,0
3289,3289.0,0
3290,3290.0,0
3291,3291.0,0
3292,3292.0,0
3293,3293.0,0
3294,3294.0,0
3295,3295.0,0
3296,3296.0,0
3297,3297.0,0
3298,3298.0,0
3299,3299.0,0
3300,3300.0,0
3301,3301.0,0
3302,3302.0,0
3303,3303.0,0
3304,3304.0,0
3305,3305.0,0
3306,3306.0,0
3307,3307.0,0
3308,3308.0,0
3309,3309.0,0
3310,3310.0,0
3311,3311.0,0
3312,3312.0,0
3313,3313.0,0
3314,3314.0,0
3315,3315.0,0
3316,3316.0,0
3317,3317.0,0
3318,3318.0,0
3319,3319.0,0
3320,3320.0,0
3321,3321.0,0
3322,3322.0,0
3323,3323.0,0
3324,3324.0,0
3325,3325.0,0
3326,3326.0,0
3327,3327.0,0
3328,3328.0,0
3329,3329.0,0
3330,3330.0,0
3331,3331.0,0
3332,3332.0,0
3333,3333.0,0
3334,3334.0,0
3335,3335.0,0
3336,3336.0,0
3337,3337.0,0
3338,3338.0,0
3339,3339.0,0
3340,3340.0,0
3341,3341.0,0
3342,3342.0,0
3343,3343.0,0
3344,3344.0,0
3345,3345.0,0
3346,3346.0,0
3347,3347.0,0
3348,3348.0,0
3349,3349.0,0
3350,3350.0,1
3351,3351.0,1
3352,3352.0,1
3353,3353.0,1
3354,3354.0,1
3355,3355.0,1
3356,3356.0,1
3357,3357.0,1
3358,3358.0,1
3359,3359.0,1
3360,3360.0,1
3361,3361.0,1
3362,3362.0,1
3363,3363.0,1
3364,3364.0,1
3365,3365.0,1
3366,3366.0,1
3367,3367.0,1
3368,3368.0,1
3369,3369.0,1
3370,3370.0,1
3371,3371.0,1
3372,3372.0,1
3373,3373.0,1
3374,3374.0,1
3375,3375.0,1
3376,3376.0,1
3377,3377.0,1
3378,3378.0,1
3379,3379.0,1
3380,3380.0,1
3381,3381.0,1
3382,3382.0,1
3383,3383.0,1
3384,3384.0,1
3385,3385.0,1
3386,3386.0,1
3387,3387.0,1
3388,3388.0,1
3389,3389.0,1
3390,3390.0,1
3391,3391.0,1
3392,3392.0,1
3393,3393.0,1
3394,3394.0,1
3395,3395.0,1
3396,3396.0,1
3397,3397.0,1
3398,3398.0,1
3399,3399.0,1
3400,3400.0,1
3401,3401.0,1
3402,3402.0,1
3403,3403.0,1
3404,3404.0,1
3405,3405.0,1
3406,3406.0,1
3407,3407.0,1
3408,3408.0,1
3409,3409.0,1
3410,3410.0,1
3411,3411.0,1
3412,3412.0,1
3413,3413.0,1
3414,3414.0,1
3415,3415.0,1
3416,3416.0,1
3417,3417.0,1
3418,3418.0,1
3419,3419.0,1
3420,3420.0,1
3421,3421.0,1
3422,3422.0,1
3423,3423.0,1
3424,3424.0,1
3425,3425.0,1
3426,3426.0,1
3427,3427.0,1
3428,3428.0,1
3429,3429.0,1
3430,3430.0,1
3431,3431.0,1
3432,3432.0,1
3433,3433.0,1
3434,3434.0,1
3435,3435.0,1
3436,3436.0,1
3437,3437.0,1
3438,3438.0,1
3439,3439.0,1
3440,3440.0,1
3441,3441.0,1
3442,3442.0,1
3443,3443.0,1
3444,3444.0,1
3445,3445.0,1
3446,3446.0,1
3447,3447.0,1
3448,3448.0,1
3449,3449.0,1
3450,3450.0,0
3451,3451.0,0
3452,3452.0,0
3453,3453.0,0
3454,3454.0,0
3455,3455.0,0
3456,3456.0,0
3457,3457.0,0
3458,3458.0,0
3459,3459.0,0
3460,3460.0,0
3461,3461.0,0
3462,3462.0,0
3463,3463.0,0
3464,3464.0,0
3465,3465.0,0
3466,3466.0,0
3467,3467.0,0
3468,3468.0,0
3469,3469.0,0
3470,3470.0,0
3471,3471.0,0
3472,3472.0,0
3473,3473.0,0
3474,3474.0,0
3475,3475.0,0
3476,3476.0,0
3477,3477.0,0
3478,3478.0,0
3479,3479.0,0
3480,3480.0,0
3481,3481.0,0
3482,3482.0,0
3483,3483.0,0
3484,3484.0,0
3485,3485.0,0
3486,3486.0,0
3487,3487.0,0
3488,3488.0,0
3489,3489.0,0
3490,3490.0,0
3491,3491.0,0
3492,3492.0,0
3493,3493.0,0
3494,3494.0,0
3495,3495.0,0
3496,3496.0,0
3497,3497.0,0
3498,3498.0,0
3499,3499.0,0
3500,3500.0,0
3501,3501.0,0
3502,3502.0,0
3503,3503.0,0
3504,3504.0,0
3505,3505.0,0
3506,3506.0,0
3507,3507.0,0
3508,3508.0,0
3509,3509.0,0
3510,3510.0,0
3511,3511.0,0
3512,3512.0,0
3513,3513.0,0
3514,3514.0,0
3515,3515.0,0
3516,3516.0,0
3517,3517.0,0
3518,3518.0,0
3519,3519.0,0
3520,3520.0,0
3521,3521.0,0
3522,3522.0,0
3523,3523.0,0
3524,3524.0,0
3525,3525.0,0
3526,3526.0,0
3527,3527.0,0
3528,3528.0,0
3529,3529.0,0
3530,3530.0,0
3531,3531.0,0
3532,3532.0,0
3533,3533.0,0
3534,3534.0,0
3535,3535.0,0
3536,3536.0,0
3537,3537.0,0
3538,3538.0,0
3539,3539.0,0
3540,3540.0,0
3541,3541.0,0
3542,3542.0,0
3543,3543.0,0
3544,3544.0,0
3545,3545.0,0
3546,3546.0,0
3547,3547.0,0
3548,3548.0,0
3549,3549.0,0
3550,3550.0,1
3551,3551.0,1
3552,3552.0,1
3553,3553.0,1
3554,3554.0,1
3555,3555.0,1
3556,3556.0,1
3557,3557.0,1
3558,3558.0,1
3559,3559.0,1
3560,3560.0,1
3561,3561.0,1
3562,3562.0,1
3563,3563.0,1
3564,3564.0,1
3565,3565.0,1
3566,3566.0,1
3567,3567.0,1
3568,3568.0,1
3569,3569.0,1
3570,3570.0,1
3571,3571.0,1
3572,3572.0,1
3573,3573.0,1
3574,3574.0,1
3575,3575.0,1
3576,3576.0,1
3577,3577.0,1
3578,3578.0,1
3579,3579.0,1
3580,3580.0,1
3581,3581.0,1
3582,3582.0,1
3583,3583.0,1
3584,3584.0,1
3585,3585.0,1
3586,3586.0,1
3587,3587.0,1
3588,3588.0,1
3589,3589.0,1
3590,3590.0,1
3591,3591.0,1
3592,3592.0,1
3593,3593.0,1
3594,3594.0,1
3595,3595.0,1
3596,3596.0,1
3597,3597.0,1
3598,3598.0,1
3599,3599.0,1
